index;mid;display_name
0;/t/dd00134;Car, boat, motorcyle, truck
0;/m/02rlv9;Car, boat, motorcyle, truck
0;/m/04_sv;Car, boat, motorcyle, truck
0;/m/07r04;Car, boat, motorcyle, truck
1;/m/01j4z9;Chainsaw
2;/m/07pczhz;Chop
3;/m/032s66;gunfire, Gunshot
4;/m/09ct_;Helicopter
5;/t/dd00003;Male singing
6;/m/07rpkh9;Cattle
6;/m/07bgp;Cattle
7;/m/06bz3;Radio
8;/m/07p6fty;Shout
9;/m/028v0c;Silence
10;/t/dd00092;Wind noise (microphone)
11;/s/0001;SC556, Gunshot
13;/s/0002;Elephant, Elephant-Angela
14;/s/0003;Bush
15;/m/032s66;Gunshot
15;/s/0001;Gunshot

