index,mid,display_name
0,/m/019jd,"Boat, Water vehicle"
1,/m/012f08,Motor vehicle (road)
2,/m/0k5j,Aircraft
3,/m/07k1x,Tools
4,/m/03p19w,Jackhammer
5,/m/032s66,"Gunshot, gunfire"
6,/m/012f08,Motor vehicle (road)
7,/m/0912c9,"Vehicle horn, car horn, honking"
8,/t/dd00134,Car passing by
9,/m/01bjv,Bus
10,/m/03j1ly,Emergency vehicle
11,/m/04qvtq,Police car (siren)
12,/m/012n7d,Ambulance (siren)
13,/m/012ndj,"Fire engine, fire truck (siren)"
14,/m/04_sv,Motorcycle
15,/m/01j4z9,Chainsaw
16,/t/dd00130,Engine starting
17,/m/07pb8fc,Idling
18,/m/07q2z82,"Accelerating, revving, vroom"
19,/t/dd00048,Train wheels squealing
20,/m/0bt9lr,Dog
21,/m/05tny_,Bark
22,/m/07qf0zm,Howl